{"rms": 507.71307103520587, "media": 506.5705, "desvio": 34.04248859513652}